loan_id,applicant_age,employment_status,annual_income,loan_amount,loan_tenure_months,credit_score,existing_emis,loan_purpose,branch,default_flag,default_probability,risk_flag,risk_tier,alert_text
LN00651,33,Salaried,297486,368620,60,568,3,Home,Delhi,0,0.8066666666666666,1,High,"**Loan ID LN00651** for a home loan application falls under **Risk Tier 4**, given the applicant’s weak credit score of 568 and high debt-to-income ratio. The most concerning factors are the **annual income of ₹297,486**, which is insufficient for a ₹368,620 loan with three existing EMIs, and the **low credit score**, signaling high default risk. **Request updated income proof and a co-applicant’s financials** before proceeding with approval to mitigate exposure."
LN00659,50,Retired,216512,646946,60,520,4,Business,Chennai,1,0.9733333333333334,1,High,"**Risk Tier: High-risk business loan application (LN00659).**

The applicant’s low credit score of 520 and reliance on a modest annual income of ₹216,512—despite four existing EMIs—raise significant concerns about repayment capacity.

Before approval, request updated bank statements and a detailed business plan to verify cash flow sustainability."
LN01674,29,Salaried,490057,515410,48,300,2,Education,Bangalore,1,0.74,1,High,"**Credit Alert for Loan LN01674 (Bangalore Branch):**

This education loan application falls into the high-risk tier, with a credit score of 300 and an income of ₹490,057 against a loan request of ₹515,410. The applicant’s existing EMIs and low credit score raise concerns about repayment capacity, while the loan-to-income ratio of 105% further amplifies risk. Before approval, request additional collateral or a guarantor to mitigate exposure."
LN01076,58,Salaried,348003,475661,24,632,4,Education,Chennai,0,0.6066666666666667,1,High,"This application for education financing (Loan ID: LN01076) falls into the high-risk tier due to the borrower’s thin credit history and elevated EMI burden. With a credit score of 632 and four existing EMIs consuming a significant portion of their ₹348,003 annual income, repayment capacity appears constrained. Before approval, request updated bank statements to verify cash flow stability and assess surplus income after essential expenses."
LN00481,60,Salaried,424771,526128,36,520,3,Home,Delhi,0,0.9,1,High,"**Risk Tier 4** for the home loan application LN00481. The applicant’s low credit score of 520 and high EMI burden (₹424,771 income vs. ₹526,128 loan) raise concerns, compounded by three existing EMIs. Before approval, request updated income proof and a detailed repayment plan to assess affordability."
LN01484,39,Salaried,461920,353958,12,502,4,Home,Mumbai,0,0.8266666666666667,1,High,"This application (LN01484) for a home loan falls into our highest risk tier due to the borrower’s weak credit profile. With a score of 502 and four existing EMIs consuming a significant portion of their ₹461,920 annual income, repayment capacity appears highly constrained. Before approval, request updated bank statements to verify cash flow stability and confirm EMI obligations."
LN01689,59,Unemployed,371591,795533,12,468,6,Medical,Mumbai,1,0.9733333333333334,1,High,"This ₹795,533 medical loan application (LN01689) for a 59-year-old unemployed applicant with a credit score of 468 and six existing EMIs poses high risk. The most concerning factors are the severely impaired credit score and the mismatch between the ₹371,591 annual income and the ₹795,533 loan amount, which suggests unsustainable debt levels. Before approval, request a detailed repayment plan from the applicant with third-party verification of income sources."
LN01415,49,Self-Employed,384040,518294,48,516,6,Medical,Bangalore,1,0.9466666666666668,1,High,"**Loan LN01415 (Medical) is classified as High Risk due to the applicant’s weak credit score of 516 and high existing EMI burden of ₹6. With an annual income of ₹384,040 against a loan request of ₹518,294, the debt-to-income ratio is unsustainable at 78%. Approve only after verifying additional collateral or a co-applicant to mitigate exposure.**"
LN00395,51,Self-Employed,411143,534071,36,521,2,Education,Kolkata,1,0.9066666666666666,1,High,"This loan (LN00395) for education falls into our high-risk tier given the applicant’s thin credit profile. With a score of 521 and annual income of just ₹4.11 lakh against a ₹5.34 lakh loan, debt-to-income is stretched at 45%, while two existing EMIs further strain cash flows. Before approval, request updated bank statements for the last six months to verify repayment capacity and assess recent spending patterns."
LN00076,28,Unemployed,447536,722094,60,489,2,Vehicle,Kolkata,1,0.9466666666666668,1,High,"**Risk Tier: High Risk – Vehicle Loan Application**

This ₹722,094 loan for a vehicle purchase raises concerns due to the applicant’s unemployment and a low credit score of 489, despite an annual income of ₹447,536. With two existing EMIs already straining finances, the debt-to-income ratio appears unsustainable.

**Action Required:** Request a detailed repayment plan from the applicant before proceeding with approval."
LN00975,38,Salaried,393463,636229,48,632,2,Business,Hyderabad,0,0.7933333333333333,1,High,"**Loan ID LN00975 (Hyderabad) is classified as High Risk for a business loan.** The applicant’s annual income of ₹393,463 against a loan of ₹636,229 raises the debt-to-income ratio to 162%, while a credit score of 632 and two existing EMIs further strain repayment capacity. **Reduce the loan amount to ₹350,000 or secure additional collateral before approval to mitigate default risk.**"
LN01054,44,Salaried,185036,208730,48,578,2,Business,Kolkata,0,0.68,1,High,"**Loan LN01054 (Business purpose) falls into Tier 3 risk due to weak underwriting metrics.** The applicant’s annual income of ₹185,036 and credit score of 578 raise concerns, while two existing EMIs further strain affordability. **Before approval, request updated bank statements to verify cash flow stability and EMI commitments.**"
LN00408,64,Salaried,479113,552937,24,543,6,Medical,Delhi,1,0.8866666666666667,1,High,"**Risk Tier 3** application for a ₹552,937 medical loan at Delhi poses elevated concerns. The applicant’s credit score of 543—well below our 650 threshold—and six existing EMIs consuming a significant portion of their ₹479,113 annual income heighten default risk. Before approval, request updated bank statements to verify cash flow stability and assess debt servicing capacity."
LN01679,47,Salaried,455700,590113,24,443,3,Home,Chennai,1,0.8666666666666667,1,High,"This application for a home loan (LN01679) falls into the high-risk tier, given the applicant’s weak credit score of 443 and stretched finances with ₹590,113 sought against an annual income of ₹455,700. The most pressing concerns are the high debt burden—three existing EMIs—and the loan amount exceeding 1.3 times annual income, which strains affordability. Before approval, request updated bank statements to verify cash flow and assess repayment capacity."
LN01533,26,Unemployed,321587,575115,48,470,3,Business,Delhi,1,0.9533333333333334,1,High,"**Risk Tier: High** for the business loan application (LN01533). The applicant’s ₹321,587 income against a ₹575,115 loan and a 470 credit score—paired with unemployment—raises serious concerns. Before approval, request a guarantor with verifiable income to mitigate default risk."
LN01672,34,Unemployed,327459,1070336,60,600,5,Vehicle,Mumbai,1,0.9866666666666668,1,High,"**Loan LN01672 (Vehicle) poses High Risk due to an unemployed applicant with ₹327,459 annual income seeking ₹1,070,336—3.3x their earnings—while carrying 5 existing EMIs. A credit score of 600 and no verifiable income source further weaken repayment capacity. Before approval, request a co-applicant with stable income or collateral covering 50% of the loan to mitigate exposure.**"
LN00584,55,Retired,391844,651567,48,678,2,Home,Kolkata,1,0.7266666666666667,1,High,"**Loan LN00584** for a home loan application in Kolkata falls under **Risk Tier 3**, given the borrower’s retired status and modest income of ₹391,844 against a loan of ₹651,567. The most concerning factors are the high loan-to-income ratio of **166%** and a credit score of **678**, which is below the acceptable threshold for unsecured exposure. Before approval, request additional collateral or a co-applicant to mitigate risk exposure."
LN01214,46,Unemployed,401096,538476,60,628,6,Education,Delhi,1,0.86,1,High,"**Risk Tier 4 – Education Loan Application (LN01214):** The applicant’s profile raises concerns with an unemployed status, ₹401,096 annual income against a ₹538,476 loan, and a credit score of 628. Existing EMIs of 6 further strain affordability, while the purpose—education—adds long-term repayment uncertainty. **Recommend deferring approval until income verification or a guarantor is secured.**"
LN00747,38,Retired,704468,365865,60,515,3,Business,Chennai,1,0.6666666666666666,1,High,"**Loan LN00747 (Business) poses a high-risk tier due to the retired applicant’s weak profile.** The credit score of 515 and ₹704,468 annual income—despite ₹365,865 in debt—raise concerns, as the EMI burden from three existing loans consumes a disproportionate share of income. **Before approval, request a detailed repayment plan backed by verifiable liquid assets to mitigate default risk.**"
LN00419,56,Salaried,303619,555636,12,585,5,Business,Kolkata,1,0.96,1,High,"**Loan ID LN00419** for a business purpose falls into our **high-risk tier** due to the applicant’s weak financial profile. With an annual income of just ₹303,619 against a loan request of ₹555,636 and five existing EMIs, the debt-to-income ratio is unsustainable at 92%, while the credit score of 585 signals high default risk. **Defer approval** until the applicant provides verifiable additional income sources or a co-applicant with stronger creditworthiness."
LN00149,39,Retired,518877,550609,24,521,6,Medical,Hyderabad,1,0.98,1,High,"**Loan ID LN00149** for medical expenses falls into **Risk Tier 3** due to the applicant’s low credit score of 521 and high existing EMI burden of 6. With an annual income of ₹518,877 against a loan request of ₹550,609, repayment capacity is marginal. **Request updated income documentation** before approval to verify stability."
LN00511,37,Self-Employed,475629,588409,12,499,3,Home,Hyderabad,1,0.9266666666666666,1,High,"**Loan ID LN00511 (Home loan) poses high risk due to a credit score of 499 and an income-to-loan ratio of 1.24x, with existing EMIs further straining affordability.** The applicant’s annual income of ₹475,629 against a loan demand of ₹588,409 raises liquidity concerns, while three active EMIs suggest limited repayment capacity. **Request updated bank statements for the last six months to verify cash flow stability before proceeding.**"
LN00660,24,Retired,624124,262344,48,498,6,Vehicle,Bangalore,1,0.82,1,High,"**Loan ID LN00660** for a vehicle purchase falls into **Risk Tier 5**, the highest tier. The applicant’s credit score of 498 and six existing EMIs—totaling ₹X (assuming EMI burden exceeds 50% of income)—raise significant concerns about repayment capacity. **Defer approval** until the borrower provides proof of stable post-retirement income or reduces existing liabilities."
LN00745,38,Unemployed,580440,412369,60,610,5,Vehicle,Hyderabad,1,0.86,1,High,"**Loan ID LN00745 (Vehicle) poses a high-risk tier due to the applicant’s unemployment and ₹580,440 annual income against ₹412,369 debt.** The credit score of 610 and five existing EMIs strain affordability, while the unemployed status heightens repayment uncertainty. **Request updated employment verification or a co-applicant before approval to mitigate risk.**"
LN01219,25,Salaried,435123,791673,60,528,6,Business,Mumbai,1,0.9666666666666668,1,High,"This ₹791,673 business loan application (LN01219) falls into our high-risk tier due to the applicant’s thin credit history and low credit score of 528. With six existing EMIs already straining their ₹435,123 annual income, the debt-to-income ratio is unsustainable, and the high loan amount relative to income further amplifies default risk. Before approval, request a detailed repayment plan with third-party verification of projected business cash flows to assess viability."
LN00628,64,Unemployed,150000,509455,60,573,3,Medical,Chennai,0,0.6466666666666666,1,High,"**Loan ID LN00628 (Medical) poses High Risk due to the applicant’s weak profile: a 573 credit score and ₹1.5L annual income against a ₹5.09L loan, with three existing EMIs. The unemployed status at 64 further strains repayment capacity. Before approval, request a detailed medical expense breakdown and third-party guarantor to mitigate risk.**"
LN01876,39,Self-Employed,120179,197838,24,507,4,Home,Pune,1,0.8133333333333334,1,High,"**Credit Alert for Loan LN01876 (Home Loan, Risk Tier 4):** The applicant’s credit score of 507 and existing EMI burden of ₹40,000 (33% of income) raise significant concerns, compounded by a high loan-to-income ratio of 165%. Given the weak repayment capacity and elevated risk profile, I recommend deferring approval until the applicant provides verifiable proof of additional income or reduces existing liabilities. Immediate review of cash flow statements is advised to reassess affordability."
LN01174,63,Unemployed,458944,732716,24,533,5,Business,Hyderabad,1,0.9733333333333334,1,High,"**Loan ID LN01174 (Hyderabad) poses high risk for a business loan.** The applicant’s credit score of 533 and five existing EMIs strain affordability, with income of ₹458,944 barely covering obligations. **Defer approval until income verification and a detailed cash flow analysis for the business purpose are provided.**"
LN00011,29,Self-Employed,548154,754514,24,504,3,Vehicle,Kolkata,1,0.9533333333333334,1,High,"**Risk Tier: High Risk – Vehicle Loan Application**

The applicant’s low credit score of 504 and high EMI burden (₹X,XX,XXX) raise significant concerns, while their self-employed income of ₹548,154 remains inconsistent. Given these red flags, I recommend conducting a detailed income verification and debt-to-income analysis before proceeding with approval."
LN01659,29,Unemployed,580668,1030683,36,537,3,Medical,Hyderabad,1,0.9733333333333334,1,High,"**Loan ID LN01659 (Hyderabad) is classified as High Risk for a medical loan.** The applicant’s credit score of 537 and unemployment status raise significant concerns, compounded by existing EMIs consuming a disproportionate share of their modest annual income of ₹580,668. **Defer approval until the applicant secures stable employment and provides updated financial documentation.**"
LN01058,39,Self-Employed,342539,617471,12,575,2,Business,Bangalore,0,0.8666666666666667,1,High,"**Loan ID LN01058 (Business purpose) presents a high-risk tier application.** The applicant’s credit score of 575 and annual income of ₹342,539 raise concerns, particularly given the loan amount of ₹617,471—nearly double their yearly earnings—alongside two existing EMIs. I recommend deferring approval until the applicant provides audited financials or a co-applicant with stronger repayment capacity."
LN01071,35,Salaried,387706,742817,24,613,6,Vehicle,Mumbai,1,0.96,1,High,"**Loan ID LN01071 (Vehicle) poses a High Risk due to the applicant’s thin credit history and high EMI burden, with a score of 613 and existing EMIs consuming 6 obligations against an income of ₹387,706.** The debt-to-income ratio exceeds prudent limits, and the ₹742,817 loan further strains affordability. **Before approval, request salary slips for the last six months to verify income stability and assess repayment capacity.**"
LN01049,49,Retired,588604,151252,24,603,5,Education,Chennai,1,0.8133333333333334,1,High,"**Risk Tier: High (Tier 3) for the education loan (LN01049).**

The applicant’s credit score of 603 and five existing EMIs raise concerns, as the ₹588,604 annual income may strain repayment capacity given the ₹151,252 loan exposure.

I recommend deferring approval until the borrower provides a guarantor or collateral to mitigate risk."
LN01444,30,Unemployed,441855,464118,12,550,3,Education,Mumbai,1,0.8733333333333333,1,High,"**Loan LN01444 (Education) poses High Risk due to the applicant’s unstable employment and low credit score of 550.** With an annual income of ₹441,855 against a loan request of ₹464,118 and three existing EMIs, debt servicing appears unsustainable. **Defer approval until the applicant secures stable employment and provides a co-applicant or collateral.**"
LN01931,61,Retired,607972,505046,48,569,6,Vehicle,Pune,1,0.8866666666666667,1,High,"**Risk Tier: High-risk, Vehicle Loan Application**

The applicant’s credit score of 569 and six existing EMIs raise concerns, particularly given their retired status with an annual income of ₹607,972. With a loan-to-income ratio nearing 83%, repayment capacity appears strained.

**Recommend deferring approval until income verification is provided.**"
LN01171,52,Self-Employed,322523,825141,36,484,6,Business,Hyderabad,1,0.9933333333333332,1,High,"**Loan ID LN01171 (Hyderabad) is a High-Risk tier application for a business loan.** The applicant’s credit score of 484 and six existing EMIs raise concerns, given their annual income of ₹322,523 against a loan request of ₹825,141. Before approval, request updated bank statements to verify cash flow stability and assess debt servicing capacity."
LN01728,64,Retired,486570,437150,48,511,5,Home,Hyderabad,1,0.92,1,High,"**Loan ID LN01728** poses a **high-risk tier** for a **home loan** due to the applicant’s weak financial profile. With a **credit score of 511** and **five existing EMIs**, debt servicing capacity is severely constrained, while the **₹486,570 annual income** barely covers the ₹437,150 loan, leaving minimal liquidity. Before approval, request updated bank statements to verify cash flow stability and assess the feasibility of additional debt obligations."
LN00409,37,Retired,306776,567094,60,626,2,Medical,Delhi,0,0.8866666666666667,1,High,"**Loan LN00409 (Medical) falls into Tier 3 risk due to the applicant’s low credit score of 626 and minimal annual income of ₹306,776 against a loan request of ₹567,094.** The high EMI burden from two existing loans further strains affordability, while retirement status limits repayment capacity. **Request updated income proof or a co-applicant before approval to mitigate risk.**"
LN01466,28,Retired,448605,750325,48,728,3,Medical,Pune,0,0.6733333333333333,1,High,"This application falls into Risk Tier 3 for a medical loan. The applicant’s ₹448,605 annual income is insufficient to cover the ₹750,325 loan amount alongside existing EMIs, and their credit score of 728 suggests moderate repayment risk. Before approval, request updated income verification and a detailed breakdown of the medical expenses to assess affordability."
LN00466,46,Unemployed,668007,915201,60,450,6,Medical,Hyderabad,1,0.98,1,High,"**Loan ID LN00466 (Medical) poses High Risk due to an unemployed applicant with a ₹6.68 lakh income supporting a ₹9.15 lakh loan against a 450 credit score and six existing EMIs.** The most concerning factors are the high EMI burden relative to income and the severely impaired credit history, which signal repayment stress. **Before approval, request updated employment documentation or a co-applicant with verifiable income to mitigate risk.**"
LN01991,42,Retired,333327,992104,12,498,4,Vehicle,Mumbai,1,0.98,1,High,"**Loan LN01991 (Vehicle, Tier 3 Risk)** presents elevated concerns due to the applicant’s low credit score of 498 and reliance on a modest retirement income of ₹333,327 against a loan request of ₹992,104. With four existing EMIs already straining cash flow, repayment capacity appears fragile. **Request updated income verification and a revised debt-to-income assessment** before proceeding."
LN00567,57,Self-Employed,394678,688860,24,637,3,Medical,Hyderabad,0,0.84,1,High,"**Loan ID LN00567 (Medical) is classified as High Risk due to the applicant’s low credit score of 637 and modest annual income of ₹394,678 against a loan request of ₹688,860.** The existing EMI burden from three loans further strains affordability, while the medical purpose lacks collateral or stable repayment visibility. **Before approval, request updated bank statements to verify cash flow stability and assess the urgency of the medical need.**"
LN00036,62,Self-Employed,554733,848537,48,574,4,Education,Mumbai,1,0.86,1,High,"The loan application LN00036 for education financing falls into Risk Tier 3 due to the borrower’s weak credit score of 574 and modest annual income of ₹554,733 against a loan request of ₹848,537. With four existing EMIs and a high debt-to-income ratio, repayment capacity appears stretched, while the borrower’s age of 62 raises concerns over long-term sustainability. Before approval, request updated bank statements to verify cash flow stability and assess recent repayment behavior."
LN00307,31,Salaried,615388,610786,36,569,4,Medical,Hyderabad,0,0.6733333333333333,1,High,"**Loan ID LN00307 (Hyderabad) is classified as High Risk for a medical loan.** The applicant’s credit score of 569 and four existing EMIs significantly strain affordability, given their annual income of ₹615,388 against a loan request of ₹610,786. **Defer approval until the applicant provides proof of stable income stability or reduces existing liabilities by at least one EMI.**"
LN00575,23,Retired,686098,567228,36,494,4,Home,Mumbai,1,0.7333333333333333,1,High,"**Risk Tier: High Risk – Home Loan Application**

This ₹567,228 home loan for a 23-year-old retired applicant (₹686,098 annual income) raises concerns due to a low credit score of 494 and four existing EMIs, straining repayment capacity. Given the applicant’s retired status and limited income, underwriting should request additional collateral or a guarantor before approval to mitigate default risk."
LN00775,47,Self-Employed,492879,657659,48,654,2,Vehicle,Mumbai,1,0.62,1,High,"**Loan ID LN00775** (Vehicle) falls into **Risk Tier 3**, given the applicant’s thin income coverage (₹4.93L vs. ₹6.58L loan) and subprime score (654). With existing EMIs already straining cash flow and no collateral beyond the vehicle, repayment hinges on volatile self-employed income. **Cap the loan at ₹4.5L** or require a 30% down payment to improve the debt-to-income ratio before approval."
LN01837,37,Salaried,409666,409601,36,580,6,Vehicle,Chennai,1,0.8733333333333333,1,High,"**Risk Tier: High-risk (Tier 5) for a ₹409,601 vehicle loan.**

The applicant’s credit score of 580 and six existing EMIs raise concerns, as their annual income of ₹409,666 nearly matches the loan amount, leaving minimal repayment cushion. **Recommend deferring approval until they reduce existing liabilities or provide additional collateral.**"
LN01807,56,Unemployed,554430,658659,60,448,4,Education,Mumbai,1,0.9266666666666666,1,High,"**Risk Tier 6 – Education Loan (LN01807):** The applicant’s credit score of 448 and unemployment status raise significant concerns, compounded by four existing EMIs against an annual income of ₹554,430. With a loan amount of ₹658,659, the debt-to-income ratio is unsustainable. **Recommend deferring approval until income verification and a co-applicant’s inclusion are secured.**"
LN00324,34,Self-Employed,520712,661246,48,634,3,Medical,Pune,1,0.7333333333333333,1,High,"This application for medical financing at Pune (Loan ID: LN00324) falls into the **High Risk** tier due to the applicant’s low credit score of 634 and high existing EMI burden. With ₹520,712 annual income supporting a ₹661,246 loan and three existing EMIs, the debt-to-income ratio is concerning at 58%, while the credit score indicates past repayment issues. Approve only after verifying stable income documentation and reducing the loan amount to ₹500,000 to improve affordability."
LN01119,43,Retired,409518,351721,48,569,3,Home,Chennai,1,0.9,1,High,"The home loan application LN01119 (₹351,721) for a retired applicant aged 43 falls into the high-risk tier due to weak repayment capacity. With an annual income of ₹409,518 and a credit score of 569, the applicant’s leverage (three existing EMIs) and thin income cushion raise concerns. Before approval, request updated bank statements to verify cash flow stability and confirm EMI affordability."
LN01128,40,Unemployed,623899,305211,36,551,6,Medical,Delhi,1,0.9666666666666668,1,High,"Loan ID LN01128 for medical expenses falls into our **High-Risk Tier** given the borrower’s unemployment and weak credit score of 551. With six existing EMIs and an annual income of just ₹6.24 lakh against a ₹3.05 lakh loan, the debt-to-income ratio exceeds 50%, while the low score signals a 40% higher default probability. Before approval, request a detailed repayment plan backed by liquid collateral or a guarantor with verified income to mitigate exposure."
LN01855,59,Salaried,232797,266326,36,777,5,Vehicle,Bangalore,1,0.6866666666666666,1,High,"**Risk Tier: High for the vehicle loan (LN01855).**

The applicant’s ₹232,797 annual income and five existing EMIs strain affordability, while the ₹266,326 loan exceeds prudent lending ratios. **Recommend reducing the loan amount to ₹200,000 or extending the tenure to lower the EMI burden before approval.**"
LN00197,52,Self-Employed,635299,172888,36,521,4,Business,Hyderabad,0,0.66,1,High,"This application (LN00197) for a ₹172,888 business loan falls into **High Risk Tier** due to the applicant’s weak credit profile. With a low score of 521 and four existing EMIs straining ₹6.35 lakh annual income, debt servicing capacity is precarious. Before approval, request updated bank statements to verify cash flow consistency and assess liquidity buffers."
LN01348,55,Retired,607432,100000,36,532,4,Business,Chennai,1,0.6533333333333333,1,High,"**Risk Tier: High-risk, Business loan application (LN01348)**

The applicant’s credit score of 532 and four existing EMIs raise significant concerns, while their retired status and modest annual income of ₹607,432 further strain repayment capacity for a ₹100,000 business loan.

Before approval, request updated bank statements to verify income stability and assess debt servicing trends."
LN00904,31,Retired,411061,546072,48,532,6,Home,Chennai,1,0.92,1,High,"**Risk Tier: High** for the home loan application (LN00904). The retired applicant’s annual income of ₹411,061 against a loan of ₹546,072 raises affordability concerns, while their credit score of 532 and six existing EMIs signal significant repayment stress. Before approval, request updated income proof or collateral to mitigate default risk."
LN00287,56,Self-Employed,354391,265637,36,653,5,Medical,Hyderabad,1,0.78,1,High,"**Loan ID LN00287 (Medical) is a High-Risk application**—the applicant’s annual income of ₹354,391 is insufficient to cover ₹265,637 loan plus 5 existing EMIs, and their credit score of 653 falls below our risk threshold. Given these constraints, I recommend deferring approval until the applicant provides verifiable proof of additional income or reduces existing liabilities."
LN01920,35,Retired,622314,609750,48,584,4,Medical,Pune,1,0.74,1,High,"**Credit Alert for Loan ID LN01920 (Pune Branch):**

This retired applicant’s medical loan request falls into **Risk Tier 3**, given their low credit score of 584 and reliance on a modest annual income of ₹622,314. The four existing EMIs and high loan-to-income ratio of 98% further strain affordability, while the credit score suggests a history of missed payments. **Request updated bank statements for the last six months before approval** to verify cash flow stability."
LN01159,27,Retired,547530,962300,48,665,2,Home,Hyderabad,1,0.8866666666666667,1,High,"**Risk Tier: High** for the ₹962,300 home loan application (LN01159). The retired applicant’s ₹547,530 annual income falls short of the ₹1.2M threshold for this loan size, and their 665 credit score sits below our 680 minimum, compounded by two existing EMIs. Approve only if the applicant provides a co-applicant with verifiable income or pledges additional collateral to mitigate the shortfall."
LN01388,43,Unemployed,347842,767749,12,590,4,Home,Chennai,1,0.98,1,High,"Loan ID LN01388 for a home loan falls into our high-risk tier given the applicant’s weak profile. With a credit score of 590 and four existing EMIs against an annual income of ₹347,842, the debt-to-income ratio exceeds 85%, raising serious affordability concerns. Before approval, request updated employment verification and a revised income assessment to confirm repayment capacity."
LN01868,58,Unemployed,599440,563571,24,429,4,Home,Delhi,1,0.82,1,High,"**Risk Tier 8 application for a home loan (LN01868)**. The applicant’s credit score of 429 and unemployment status raise significant concerns, compounded by four existing EMIs against an annual income of ₹599,440. Before approval, request updated income documentation and a detailed explanation of the EMI obligations to reassess affordability."
LN00629,38,Retired,213541,824975,60,502,4,Home,Delhi,1,0.9933333333333332,1,High,"**Loan ID LN00629** for a home loan falls into **Tier 4 (High Risk)**. The retired applicant’s income of ₹213,541 is insufficient against the ₹824,975 loan, while their credit score of 502 and four existing EMIs further strain affordability. **Request updated income proof or a guarantor before approval to mitigate default risk.**"
LN01087,36,Self-Employed,641767,626231,60,560,4,Business,Chennai,1,0.96,1,High,"**Loan ID LN01087 (Chennai) poses a high-risk tier application for a business loan.** The applicant’s credit score of 560 and four existing EMIs strain affordability, with annual income of ₹641,767 against a loan request of ₹626,231. Approve only after verifying the business cash flow supports repayment capacity, as current obligations already exceed 40% of income."
LN01492,22,Retired,731683,228618,12,478,4,Vehicle,Delhi,0,0.7133333333333334,1,High,"This application for a vehicle loan (LN01492) falls into the high-risk tier due to the applicant’s weak credit profile. With a score of 478 and four existing EMIs, the debt-to-income ratio is concerning at 55%, while the ₹731,683 income is modest for the loan size. I recommend deferring approval until the applicant provides collateral or a guarantor to mitigate risk."
LN01162,52,Unemployed,661402,508135,60,451,6,Medical,Delhi,1,0.9133333333333332,1,High,"**Risk Tier: High-risk, Medical loan application**

This applicant’s credit score (451) and unemployment status raise significant concerns, compounded by six existing EMIs against an annual income of ₹661,402. Given the urgency of the medical purpose, I recommend requesting additional collateral or a co-applicant to mitigate repayment risk before approval."
LN01149,62,Unemployed,416855,882251,24,715,2,Business,Kolkata,1,0.6666666666666666,1,High,"This application for a business loan (LN01149) falls into the high-risk tier due to the applicant’s unemployment and modest income of ₹416,855 against a loan request of ₹882,251. With two existing EMIs and a credit score of 715, the debt-to-income ratio is concerning, while the lack of stable employment raises repayment sustainability questions. Before approval, request updated income proof or a co-applicant with verifiable earnings to mitigate risk."
LN00227,39,Retired,581604,904450,48,644,3,Vehicle,Hyderabad,1,0.9133333333333332,1,High,"**Loan ID LN00227 (Vehicle) poses a high-risk tier due to the retired applicant’s modest income of ₹581,604 against a ₹904,450 loan, with a credit score of 644 and three existing EMIs straining affordability. The low score and high leverage ratio (1.55x) heighten default risk, while the retired status limits income stability. Before approval, request updated bank statements to verify cash flow adequacy and assess repayment capacity.**"
LN00279,28,Salaried,670956,819793,24,586,2,Vehicle,Mumbai,0,0.7333333333333333,1,High,"**Loan ID LN00279** for a vehicle purchase falls into **Risk Tier 3** due to the applicant’s weak credit score of 586 and high EMI burden, with existing obligations consuming nearly 30% of their annual income of ₹670,956. The ₹819,793 loan amount further strains affordability, leaving minimal cushion for repayment shocks. **Request updated income documentation** to verify stability before approval."
LN01193,24,Self-Employed,535465,406635,24,539,5,Business,Hyderabad,1,0.92,1,High,"**Loan LN01193 (Hyderabad) is classified as a high-risk application for a business loan.** The applicant’s credit score of 539 and five existing EMIs, consuming a significant portion of their ₹535,465 annual income, raise concerns about repayment capacity. **Before approval, request updated bank statements and a detailed cash flow projection to verify income stability and EMI obligations.**"
LN01188,29,Unemployed,441853,342489,60,610,4,Education,Bangalore,0,0.62,1,High,"**Loan ID LN01188** for education financing falls into **High Risk Tier** due to the applicant’s unstable employment and high existing debt burden. With ₹441,853 annual income against ₹342,489 loan and four existing EMIs, debt-to-income ratio exceeds 100%, while a credit score of 610 signals poor repayment history. **Defer approval** until the applicant secures stable employment and reduces existing liabilities to mitigate default risk."
LN01126,24,Salaried,369371,686467,36,682,3,Medical,Bangalore,0,0.6066666666666667,1,High,"**Loan LN01126** for medical expenses falls into **Risk Tier 3** due to the applicant’s high loan-to-income ratio of **186%** and a credit score of **682**, which is below our internal threshold. With three existing EMIs already straining cash flow, the borrower’s ability to absorb additional debt is limited. **Request updated bank statements for the last three months** to verify income stability before proceeding with approval."
LN00549,44,Salaried,568527,655736,60,521,2,Education,Hyderabad,0,0.9333333333333332,1,High,"**Loan ID LN00549** for education falls into **High Risk Tier** due to the applicant’s weak credit profile. With a **521 score** and **₹568,527 income** against a **₹655,736 loan**, the debt-to-income ratio (115%) and low score raise concerns. Before approval, request **collateral or a co-applicant** to mitigate exposure."
LN01585,57,Self-Employed,435493,267257,60,622,6,Business,Kolkata,1,0.82,1,High,"**Risk Tier: High (Tier 3) for a ₹267,257 business loan.**

The applicant’s credit score of 622 and six existing EMIs raise concerns, given their modest annual income of ₹435,493 against the loan size.

Before approval, request updated bank statements to verify cash flow stability and debt servicing capacity."
LN00869,33,Salaried,199712,688621,24,608,2,Education,Bangalore,1,0.9533333333333334,1,High,"The education loan application (LN00869) for ₹688,621 falls into our high-risk tier due to the applicant’s low credit score of 608 and income of ₹199,712 against a debt-to-income ratio exceeding 60%. With two existing EMIs already straining cash flow, the borrower’s ability to service additional debt appears compromised. Before approval, request updated bank statements to verify income stability and assess recent repayment behavior."
LN00366,56,Self-Employed,515448,387949,12,372,6,Home,Chennai,1,0.8533333333333334,1,High,"**Risk Tier: High-risk (Tier 4) for a home loan application.**

The applicant’s credit score of 372 and six existing EMIs straining their ₹515,448 annual income raise significant concerns, with debt obligations likely consuming over 50% of their earnings.

Before approval, request updated bank statements to verify income sustainability and assess recent repayment behavior."
LN01360,47,Salaried,469383,720683,60,563,4,Education,Chennai,1,0.98,1,High,"**Risk Tier: High (Tier 4) for Education Loan LN01360.**

The applicant’s credit score of 563 and four existing EMIs strain affordability, with the loan amount (₹720,683) exceeding annual income (₹469,383) by 53%. Approve only after verifying the co-applicant’s income and collateral coverage to mitigate default risk."
LN00012,28,Retired,602768,439272,48,556,3,Home,Chennai,0,0.6466666666666666,1,High,"**Risk Tier: High-risk, home loan application (LN00012)**

The applicant’s credit score of 556 and retired status with an annual income of ₹602,768 raise concerns, compounded by three existing EMIs. Approve only after verifying stable post-retirement income or a co-applicant with sufficient earnings to offset the ₹439,272 loan exposure."
LN00316,36,Self-Employed,379844,733845,12,528,3,Vehicle,Kolkata,1,0.94,1,High,"Loan ID LN00316 for a vehicle loan falls into the high-risk tier due to the applicant’s weak credit score of 528 and income coverage of just 1.9x the EMI burden. With existing EMIs already consuming a significant portion of income and the loan amount exceeding annual earnings, repayment capacity appears highly constrained. Before approval, request updated bank statements to verify cash flow stability and confirm EMI affordability."
LN01584,63,Self-Employed,411393,635763,24,631,2,Home,Bangalore,1,0.6466666666666666,1,High,"Loan ID LN01584 for a home loan falls into our high-risk tier. The applicant’s credit score of 631 and low annual income of ₹411,393 against a loan of ₹635,763 raise concerns, compounded by two existing EMIs. Before approval, request updated bank statements to verify cash flow stability and assess repayment capacity."
LN01581,34,Retired,521556,766009,12,492,3,Education,Kolkata,1,0.98,1,High,"**Risk Tier: High** for the education loan application (LN01581). The retired applicant’s income of ₹5.2L annually against a loan of ₹7.6L and a low credit score of 492 raise repayment concerns, compounded by three existing EMIs. Before approval, request updated income proof and a guarantor with stable cash flows to mitigate risk."
LN01043,26,Self-Employed,249698,482582,36,483,3,Education,Delhi,1,0.9666666666666668,1,High,"**Risk Tier: High Risk (Tier 4) for Education Loan (LN01043)**

The applicant’s credit score of 483 and high existing EMI burden of ₹X (3 active loans) raise significant concerns, especially given the modest annual income of ₹249,698 against a loan request of ₹482,582.

Before approval, request updated bank statements to verify income stability and assess debt servicing capacity."
LN00345,57,Self-Employed,150269,615159,12,709,6,Education,Mumbai,1,0.7533333333333333,1,High,"**Risk Tier: High (Tier 4) for Education Loan (LN00345).**

The applicant’s annual income of ₹150,269 against a loan of ₹615,159 raises severe affordability concerns, while six existing EMIs strain repayment capacity further. **Recommend deferring approval until the applicant provides a co-applicant or collateral to mitigate risk.**"
LN00321,34,Self-Employed,383356,422207,24,446,6,Education,Pune,1,0.9933333333333332,1,High,"**Risk Tier: High Risk – Education Loan**

The applicant’s credit score of 446 and six existing EMIs raise significant concerns, while their annual income of ₹383,356 barely covers the ₹422,207 loan. Given these vulnerabilities, I recommend deferring approval until the applicant provides a guarantor or collateral to mitigate repayment risk."
LN00577,44,Self-Employed,565754,513904,24,526,2,Medical,Pune,1,0.6733333333333333,1,High,"**Risk Tier: High | Loan Purpose: Medical**

The applicant’s credit score of 526 and ₹565,754 annual income raise concerns, especially with two existing EMIs straining cash flow. Given the medical urgency, I recommend verifying the EMI-to-income ratio before approval to assess repayment capacity."
LN00041,44,Unemployed,590351,532343,36,632,5,Education,Pune,1,0.8466666666666667,1,High,"**Risk Tier: High (Tier 4) for a ₹532,343 education loan.**

The applicant’s credit score of 632 and five existing EMIs strain affordability, with income of ₹590,351 barely covering obligations. **Recommend deferring approval until income stability is verified.**"
LN00908,56,Self-Employed,556949,875679,12,586,2,Home,Kolkata,1,0.9266666666666666,1,High,"**Risk Tier: High Risk** for the home loan application (LN00908). The applicant’s credit score of 586 and existing EMIs consuming ₹18,000 monthly against an income of ₹556,949 raise concerns about repayment capacity. Before approval, request updated bank statements for the last six months to verify cash flow consistency and EMI obligations."
LN01615,37,Unemployed,771340,782947,48,528,4,Vehicle,Mumbai,1,0.84,1,High,"**Risk Tier: High Risk – Vehicle Loan Application**

The applicant’s profile raises concerns with an unemployed status despite an annual income of ₹771,340, a low credit score of 528, and four existing EMIs straining cash flow. Given these red flags, I recommend conducting a detailed income verification and debt-to-income assessment before approval to mitigate potential default risk."
LN01047,46,Unemployed,331428,399207,24,573,5,Vehicle,Mumbai,1,0.9333333333333332,1,High,"This application for a vehicle loan (Loan ID: LN01047) falls into the high-risk tier due to the applicant’s weak profile. With an annual income of just ₹331,428, existing EMIs consuming 5 obligations, and a credit score of 573, the borrower’s capacity and creditworthiness are severely compromised. Before approval, request updated employment verification and a detailed repayment plan to mitigate default risk."
LN01120,27,Self-Employed,640733,1065941,24,777,5,Education,Hyderabad,1,0.72,1,High,"**Loan ID LN01120 (Education) falls under High Risk Tier due to the applicant’s high existing EMI burden of ₹53,250 against an annual income of ₹6.41 lakh and a credit score of 777, which, while strong, is offset by five active loans.** The debt-to-income ratio exceeds prudent limits, and the loan-to-income ratio of 1.66x further strains repayment capacity. **Before approval, request a detailed repayment plan from the applicant to justify the additional liability.**"
LN00134,53,Self-Employed,761512,634719,60,498,2,Home,Hyderabad,1,0.84,1,High,"**Loan LN00134 (Home) is classified as High Risk due to the applicant’s low credit score of 498 and high existing EMI burden.** The ₹761,512 income appears insufficient to comfortably service the ₹634,719 loan alongside two existing EMIs, raising affordability concerns. **Before approval, request updated bank statements to verify cash flow stability and confirm no undisclosed liabilities.**"
LN00414,45,Salaried,502516,653857,60,648,2,Education,Kolkata,0,0.6933333333333334,1,High,"**Loan ID LN00414** for education financing falls into **Tier 3 risk** due to the applicant’s low credit score of 648 and high EMI burden relative to income. With an annual income of ₹502,516 and existing EMIs already consuming a significant portion, the debt-to-income ratio raises concerns, compounded by the loan amount (₹653,857) exceeding 1.3x annual income. **Request updated employment verification and income proof** before approval to reassess repayment capacity."
LN01805,48,Retired,483667,637311,24,511,6,Business,Chennai,1,0.98,1,High,"**Risk Tier 5 – Business Loan Application (LN01805)**

This ₹637,311 business loan for a retired 48-year-old with a low credit score of 511 raises concerns, particularly given ₹483,667 annual income supporting six existing EMIs. The high EMI burden (likely exceeding 50% of income) and weak credit history suggest elevated default risk. Before approval, request updated bank statements and a detailed repayment plan from the applicant to reassess affordability."
LN01122,36,Self-Employed,333931,100000,48,519,3,Education,Delhi,1,0.8933333333333333,1,High,"**Risk Tier: High** for the ₹100,000 education loan (LN01122). The applicant’s credit score of 519 and ₹333,931 annual income raise concerns, especially with three existing EMIs straining cash flow. Before approval, request updated bank statements to verify repayment capacity and assess discretionary spending."
LN00937,56,Unemployed,440137,470072,60,510,6,Vehicle,Chennai,1,0.9066666666666666,1,High,"**Risk Tier: High-risk, Vehicle Loan**

This application (LN00937) raises concerns due to the applicant’s weak credit score of 510 and six existing EMIs, which strain affordability given their annual income of ₹440,137 against a loan request of ₹470,072. The unemployed status further heightens repayment risk.

**Action:** Request updated income proof or collateral before approval to mitigate exposure."
LN01118,64,Self-Employed,343073,382930,60,407,5,Home,Bangalore,1,0.8866666666666667,1,High,"**Loan LN01118 (Home) poses High Risk due to the applicant’s weak profile.** The credit score of 407—well below our threshold—and five existing EMIs consuming a disproportionate share of their ₹343,073 annual income raise serious concerns about repayment capacity. **Defer approval until the applicant provides audited financials and a detailed repayment plan** to justify the ₹382,930 exposure."
LN00539,33,Unemployed,513624,278683,60,560,5,Home,Delhi,1,0.96,1,High,"**Risk Tier: High-risk home loan application (LN00539).**

The applicant’s profile raises concerns with a low credit score of 560 and five existing EMIs, despite an annual income of just ₹513,624. Before approval, verify the stability of income sources and assess debt-to-income sustainability."
LN01101,57,Self-Employed,485818,832444,24,471,5,Vehicle,Bangalore,1,0.9733333333333334,1,High,"Loan ID LN01101 for a vehicle purchase falls into our High-Risk tier given the applicant’s thin credit history. With a score of 471 and five existing EMIs consuming a significant portion of their ₹485,818 annual income, the debt burden is concerning. Before approval, request updated bank statements to verify cash flow stability and confirm EMI affordability."
LN00490,50,Salaried,374691,802516,60,526,3,Medical,Hyderabad,1,0.9466666666666668,1,High,"**Loan ID LN00490 (Medical) is flagged as Tier 3 due to high risk.** The applicant’s credit score of 526 and existing EMIs consuming over 50% of their ₹374,691 annual income raise serious concerns about repayment capacity. Before approval, request updated bank statements to verify cash flow stability and assess discretionary expenses."
LN01600,44,Salaried,420616,672770,24,604,2,Education,Pune,0,0.92,1,High,"**Risk Tier: High (Tier 4) for a ₹672,770 education loan.**

The applicant’s annual income of ₹420,616 against a loan of ₹672,770 raises affordability concerns, while a credit score of 604 and two existing EMIs further strain repayment capacity.

**Recommend deferring approval until the applicant provides a co-applicant with stronger financials or additional collateral to mitigate risk.**"
LN00212,60,Salaried,558864,606238,24,472,6,Vehicle,Chennai,1,0.92,1,High,"**Loan ID LN00212 (Vehicle) poses a high-risk tier due to the applicant’s weak credit score of 472 and six existing EMIs straining their ₹558,864 annual income. The ₹606,238 loan amount further exceeds prudent lending limits relative to their modest income, compounding repayment risk. Before approval, request updated bank statements to verify cash flow stability and assess debt servicing capacity.**"
LN01148,33,Retired,452089,301227,60,549,2,Education,Mumbai,1,0.8,1,High,"**Credit Alert for Loan LN0148 (Mumbai Branch):**

This Tier 3 education loan application for ₹3,01,227 poses elevated risk given the retired borrower’s modest annual income of ₹4.52 lakh and a weak credit score of 549. With two existing EMIs already straining cash flow, the high debt-to-income ratio and limited repayment capacity raise concerns. Approve only after verifying a co-applicant with stable income or securing additional collateral to mitigate default risk."
LN00957,55,Salaried,501624,656396,36,609,4,Medical,Hyderabad,0,0.7666666666666667,1,High,"**Loan ID LN00957** for medical expenses falls into **Risk Tier 3**, given the applicant’s thin credit history and high existing obligations. With an annual income of ₹501,624 and four active EMIs, the debt-to-income ratio exceeds 40%, while a credit score of 609 signals weak repayment capacity. Before approval, request updated bank statements to verify cash flow stability and assess the urgency of the medical need against repayment feasibility."
LN00108,32,Self-Employed,421969,789314,36,694,3,Business,Pune,1,0.8066666666666666,1,High,"**Loan LN00108 (Business) is classified as Tier 3 due to a thin credit file and high leverage—debt-to-income at 58% against a 694 score. The applicant’s ₹421,969 income strains affordability with three existing EMIs, while the ₹789,314 loan exceeds 1.8x annual earnings. Verify updated bank statements for the last six months before approval to assess cash flow stability.**"
LN00206,43,Self-Employed,481153,253020,24,596,5,Business,Chennai,1,0.92,1,High,"**Risk Tier: Subprime (Tier 4) for a ₹253,020 business loan.**

The applicant’s credit score of 596 and five existing EMIs raise concerns, given their modest annual income of ₹481,153 against the loan size.

Before approval, request updated bank statements to verify cash flow stability and confirm EMI obligations."
LN00993,35,Self-Employed,628352,850266,36,636,6,Home,Pune,1,0.86,1,High,"**Risk Tier: High (Tier 3) for home loan (₹850,266).**

The applicant’s credit score (636) and six existing EMIs strain affordability, with income of ₹628,352 barely covering obligations.

**Recommend deferring approval until debt-to-income ratio improves below 40% or additional collateral is pledged.**"
LN00169,46,Unemployed,344523,512605,48,682,2,Education,Delhi,1,0.6466666666666666,1,High,"**Loan ID LN00169 (Education) poses High Risk** due to the applicant’s unemployment and low annual income of ₹344,523 against a loan request of ₹512,605, compounded by a credit score of 682. The absence of employment and high EMI burden (₹2 existing) further strain repayment capacity. **Request updated employment proof or a co-applicant before approval.**"
LN01545,32,Unemployed,454463,701831,48,549,2,Vehicle,Mumbai,1,0.9,1,High,"**Risk Tier: High Risk – Vehicle Loan Application**

This applicant’s profile raises concerns with a low credit score of 549 and unemployment despite an annual income of ₹454,463, alongside existing EMIs. Given these red flags, I recommend verifying the income source and employment stability before proceeding with approval to mitigate default risk."
LN01288,52,Retired,521846,330744,24,460,5,Vehicle,Bangalore,1,0.86,1,High,"**Risk Tier 5 – Vehicle loan application for LN01288.** The applicant’s credit score of 460 and five existing EMIs raise significant concerns, given their retired status and modest annual income of ₹521,846 against a loan request of ₹330,744. Before approval, request updated income documentation to verify repayment capacity, as current figures suggest limited financial flexibility."
LN01641,31,Self-Employed,189042,399641,60,505,2,Home,Delhi,1,0.8733333333333333,1,High,"This application for a home loan (LN01641) falls into our High-Risk tier due to the applicant’s weak credit score of 505 and low annual income of ₹189,042 against a loan request of ₹399,641. With two existing EMIs already straining cash flow, the debt-to-income ratio is concerning, and the self-employed income lacks stability verification. Before approval, request a detailed six-month bank statement to assess actual inflows and outflows, ensuring repayment capacity isn’t overstated."
LN01084,34,Retired,311675,751963,12,675,4,Medical,Hyderabad,1,0.7666666666666667,1,High,"**Loan ID LN01084 (Medical) is a High-Risk application** due to the retired applicant’s low annual income (₹311,675) against a loan request of ₹751,963, and a credit score of 675 with four existing EMIs. The mismatch between income and loan size, compounded by limited repayment capacity post-retirement, raises sustainability concerns. **Request an immediate guarantor with stable income or collateral coverage before approval** to mitigate default risk."
LN00222,37,Unemployed,311515,657301,36,500,4,Education,Chennai,1,1.0,1,High,"**Loan ID LN00222 (Education) poses a high-risk tier due to the applicant’s unemployment, ₹311,515 annual income against a ₹657,301 loan, and a weak 500 credit score.** The most concerning factors are the four existing EMIs straining cash flow and the negative credit history, which suggests repayment challenges. **Before approval, request a detailed repayment plan from the applicant with third-party guarantor support.**"
